boss_id,name,location,story_id,phase_count,hp,atk,def,agi,actions_summary,drop_items,exp,gold,notes,last_verified
boss_001,ゴーレム,東の塔,st_012,1,260,32,16,12,通常攻撃/特技,ふしぎな石版緑,81,60,メモ例,2026-02-09
boss_002,チョッキンガー,東の塔,st_013,1,250,48,25,24,通常攻撃/メラ/ホイミ/大ぼうぎょ,まほうの小ビン,388,78,弱点メラヒャドマヌーサ,2026-02-09
boss_003,マチルダ,東の塔,,1,280,35,30,150,"木の人形を渡してる場合：通常攻撃・ベホイミ・様子を見る
木の人形を渡していない場合：通常攻撃・かえん斬り・ヒャド・ちからため",,24,30,人形を渡してる場合：逃げるで戦闘を終了可能,2026-02-09
boss_004,炎の巨人,炎の山,,1,620,44,64,3,通常攻撃・おしつぶし・ひのいき・ちからため,ふしぎな石版赤,217,150,魂に火がついた：氷耐性上がる,2026-02-09
boss_005,デスアミーゴ,魔封じの洞くつ,,1,600,60,35,20,通常攻撃・かまいたち・ドルマ・まぶしい光,,278,250,,2026-02-09
boss_006,マシンマスター,過去からくり兵団拠点,,1,480,64,45,45,通常攻撃・ふりまわす・なかまをよぶ・ベホマラー,,338,270,,2026-02-09
boss_007,デスマシーン,過去からくり兵団拠点,,1,850,76,50,38,通常攻撃・ひのいき・まぶしい光・いてつくはどう・ふところにきりこむ,ふしぎな石版青,629,50,,2026-02-09
boss_008,ジャン,過去神の祭だんの湖,,1,1070,64,44,32,通常攻撃・するどいツメ・おぞましいおたけび・みずばしら・ルカニ,,701,320,,2026-02-09
boss_009A,イノップ,過去牢獄へ続く洞くつ,,1,440,70,28,60,通常攻撃・痛恨の一撃,,0,0,同時出現・1戦目負けイベ,2026-02-09
boss_009B,ゴンズ,過去牢獄へ続く洞くつ,,1,390,74,30,66,通常攻撃・おたけび・すなけむり,,0,0,同時出現・1戦目負けイベ,2026-02-09
boss_010,ネペロ,過去ダーマ神殿,,1,360,70,47,100,通常攻撃・ヒャド・メダパニ・マホトーン,,342,70,ドラゴスライム3体と同時出現,2026-02-09
boss_011,ガルシア,過去ダーマ神殿,,1,380,98,56,35,通常攻撃・かえんぎり・音速のやいば・スクルト,,352,73,ダンスニードル3体と同時出現,2026-02-09
boss_012,トンプソン,過去ダーマ神殿,,1,350,79,60,30,通常攻撃・バギマ・ラリホー・ベホイミ,,380,88,マドハンド3体と同時出現,2026-02-09
boss_013,ネリス,過去ダーマ神殿,,1,440,82,64,74,通常攻撃・ヒャダルコ・マヒャド斬り・マホターン,,422,0,スライムナイト3体と同時出現,2026-02-09
boss_014,アントリア,過去ダーマ神殿,,1,1600,100,63,75,通常攻撃・ふたつのたま・イオ・ベギラマ・あんこくのきり・しんぴのさとり・マジックバリア・ディバインスペル,,780,543,,2026-02-09
boss_015A,さんぞく兵,現代ダーマ南の廃墟,,1,240,85,55,48,通常攻撃・かえん斬り・ぬすっと斬り・なぎはらい・大きく息を吸い込む,,239,11,4体同時出現,2026-02-09
boss_015B,さんぞくマージ,現代ダーマ南の廃墟,,1,216,72,50,58,通常攻撃・ベギラマ・スクルト・ぬすっと斬り・はげしく振り回す,,,,4体同時出現,
boss_015C,さんぞく,現代ダーマ南の廃墟,,1,192,78,42,78,通常攻撃・どぐがのこな・石つぶて,,,,4体同時出現,
boss_015D,エテポンゲ,現代ダーマ南の廃墟,,1,280,82,40,35,通常攻撃・マッスルダンス・独の息・マホトラおどり・石つぶて,,,,4体同時出現,
boss_016,さんぞくのカシラ,現代山賊のアジト,,1,920,112,45,110,通常攻撃・イオラ・アルテマソード（MPないため不発）,,884,637,,2026-02-09
boss_017,ボーンライダー,過去砂漠の城,,1,1350,95,42,82,通常攻撃・さみだれ突き・ルカナン・ヒャダルコ,てつのやり,920,210,,2026-02-09
boss_018,セト,過去魔王像,,1,1540,106,87,60,通常攻撃・ふりまわす・ルカニ・ばくれつけん,,920,252,,2026-02-09
boss_019A,ユバールの守り手たち：ゴトス,現在海の見える丘,,1,350,86,60,50,通常攻撃・ちからため,,,,3体同時出現（主とアイラ※NPC）,2026-02-09
boss_019B,テラミス,現在海の見える丘,,1,285,80,94,60,通常攻撃,,,,3体同時出現（主とアイラ※NPC）,2026-02-09
boss_019C,ポルル,現在海の見える丘,,1,265,75,68,65,通常攻撃・ヒャド・イオラ,,,,3体同時出現（主とアイラ※NPC）,2026-02-09
boss_020,海底のゴースト,過去海底都市,,3,444,110,74,78,通常攻撃・バギ・一斉攻撃,,219,0,,2026-02-09
boss_021,グラコス,過去海底都市,,1,3200,200,85,65,通常攻撃・もうどくのきり・武器を振り回す・ハリケーン・こおりのいき,,1557,440,,2026-02-09
boss_022,キングスライム,現代山奥の塔,,1,670,150,90,60,通常攻撃・たいあたり・のしかかり・ベホイミ,命のきのみ,,,,2026-02-09
boss_023,スカイドラゴン,現代山奥の塔,,1,2200,200,95,100,通常攻撃・かみつき・のしかかり・かえんいき,,,,,2026-02-09
boss_024,グラコス5世,現代海底都市,,1,3200,186,85,92,通常攻撃・もうどくのきり・武器を振り回す・かみつき・こおりのいき・ヒャダルコ,,2060,560,,2026-02-09
boss_025,メディルの使い,過去マーディラス城,,1,2100,152,78,75,通常攻撃・マホカンタ・ラリホーマ・バギグロス・メラミ,,1997,340,,2026-02-09
boss_026,ゼッペル,過去マーディラス城,,1,3600,166,95,82,通常攻撃・マジックバリア・スカラ・こおりつくいき・ベギラゴン・メラゾーマ,,2200,660,1回目は負けイベント（勝てません）,2026-02-09
boss_027,あめふらし,過去グリンフレークの町,,1,2000,148,70,75,通常攻撃・ベホイミ・なめまわし・つめたいいき,,0,0,,2026-02-09
boss_028,ボトク,過去魔物の岩山,,1,3200,228,120,130,通常攻撃・バギマ・バギグロス・はげしいほのお・しゃくねつ・もうどくのきり・あやしいきり,,0,0,,2026-02-09
boss_029,やみのまじん,過去黒霧の迷路,,1,2700,170,92,86,通常攻撃・バギマ・ラリホー,,,,,2026-02-09
boss_030A,ヘルクラウダー,過去リファ族の神殿,,1,4200,180,95,96,通常攻撃・かまいたち・なかまを呼ぶ・しんくうは・はげしいイナズマ,,,,なかまを呼ぶでベビークラウドを2体出現,2026-02-09
boss_030B,ベビークラウド,過去リファ族の神殿,,2,350,103,85,94,通常攻撃・バギマ,,,,なかまを呼ぶで出現,2026-02-09
boss_031A,ガマデウス,過去ドワーフ族の洞くつ,,1,3200,170,100,95,通常攻撃・こおりのいき・メイルストロム・もうどくのきり・ザオリク,,0,0,,2026-02-09
boss_031B,だいおうガマ,過去ドワーフ族の洞くつ,,1,840,160,90,135,通常攻撃・どく攻撃・やけつくいき,,,,,2026-02-09
boss_031C,ポイズントード,過去ドワーフ族の洞くつ,,1,1080,160,140,85,通常攻撃・はげしいほのお・ラリホーマ・ルカナンの歌,,,,,2026-02-09
boss_032,パリクナジャ,過去大灯台,,1,5500,194,105,110,通常攻撃・じめんをうちならす・バイキルト,ふしぎな石版・黒,,,,2026-02-09
boss_033,タイムマスター,魔空間の神殿,,1,4600,210,130,110,通常攻撃・メラミ・ザオリク・マジックバリア・時を止める,,,,,2026-02-09
boss_034A,オルゴデミーラ1回目第一形態,魔空間の神殿,,1,4300,186,177,113,通常攻撃・念じボール・あやしいひとみ・メラゾーマ・かまいたち・マグマ・いてつくはどう・へげしいいなずま,,,,2形態あり、連戦,2026-02-09
boss_034B,オルゴデミーラ1回目第ニ形態,魔空間の神殿,,1,4200,258,102,96,通常攻撃・しんくうは・はげしいほのお・こおりのつくいき・するどいとげ・いてつくはどう・おぞましいおたけび,,,,2形態あり、連戦,2026-02-09
boss_035,ボンドゥル,現代大灯台,,1,1240,194,98,150,通常攻撃・マホトーン・はげしいほのお,,,,,2026-02-09
boss_036,炎の精霊（1回目）,現代炎の山,,1,5000,270,129,140,通常攻撃・メラゾーマ・おたけび・はげしいほのお・マグマ呼び出し,,,,,2026-02-09
boss_037,ネンガル,風の迷宮,,1,15200,258,3,99,通常攻撃・たいあたり・痛恨の一撃・バイキルト・つるぎのまい,,,,,2026-02-09
boss_038A,アイロス,過去野ざらしの地,,1,4400,278,155,180,通常攻撃・はげしいほのお・ドルマドン・バギムーチョ・呪い・ザキ・ザラキ,,,,同時出現,2026-02-09
boss_038B,ヘルバトラー,過去野ざらしの地,,2,2475,258,158,134,通常攻撃・メラミ・あんこくのきり・しゃくねつのほのお,,,,同時出現,2026-02-09
boss_039,ボルンガ,過去ルーメンの町,,1,12000,330,160,190,通常攻撃・ちからため・ふみつける・痛恨の一撃,,,,,2026-02-09
boss_040A,ヘルバオム,過去ルーメンの町,,1,5800,286,175,180,通常攻撃・マホトーン・もうどくのきり・あまいいき・なかまを呼ぶ,,,,同時出現,2026-02-09
boss_040B,ヘルバオムのねっこ,過去ルーメンの町,,2,2400,252,200,220,通常攻撃,,,,同時出現,2026-02-09
boss_041,チビィ,過去ルーメンの町,,1,7200,312,300,122,通常攻撃・あまいいき,,,,,2026-02-09
boss_042A,オルゴデミーラ2回目第一形態,ダークパレス,,1,7700,418,242,106,ずつき・いてつくはどう・はげしいほのお・こごえるふぶき・しゃくねつのほのお,,,,連戦,2026-02-09
boss_042B,オルゴデミーラ2回目第ニ形態,ダークパレス,,1,8000,392,327,145,2つのボールで攻撃・いてつくはどう・もうさかるほのお・メラゾーマ・イオナズン,,,,連戦,2026-02-09
boss_042C,オルゴデミーラ2回目第三形態,ダークパレス,,1,8500,435,285,116,通常攻撃・マグマ・たたきつけ・もうどくのきり・おたけび・呪い,,,,連戦,2026-02-09
boss_042D,オルゴデミーラ2回目最終形態,ダークパレス,,1,11500,400,325,45,肉片を飛ばす（ベロドムを呼ぶ）・マジックバリア・いてつくはどう・マホトラ・マダンテ,,,,連戦,2026-02-09
boss_043,かみさま,謎の異世界,,1,16000,587,220,196,通常攻撃・メラガイアー・マヒャドデス・ジバリーナ・かまいたち・しんくうは・ジゴスパーク・あやしいひとみ・いっぱつギャグ・ステテコダンス・れんごく火炎・いてつく冷気・いてつくはどう,,,,クリア後,2026-03-08
boss_044,ダースドラゴン,さらなる異世界,,1,12000,630,360,350,通常攻撃・痛恨の一撃・メラガイアー・ラリホーマ・転び攻撃・炎の咆哮・はげしいほのお・しゃくねつ,,,,クリア後,2026-03-08
boss_045,マントゴーア,さらなる異世界,,1,14000,630,390,280,通常攻撃・バギグロス・バギムーチョ・マホカンタ・するどいツメ・しんくは・すてみのかまえ・風の咆哮・悪魔の吐息,,,,クリア後,2026-03-08
boss_046,アトラス,さらなる異世界,,1,14500,790,300,80,通常攻撃・痛恨の一撃・ランドインパクト・大地の怒り・かぶと割り・大地の咆哮,,,,クリア後,2026-03-08
boss_047,シーバーン,さらなる異世界,,1,12000,565,320,340,痛恨の一撃・マヒャド・マヒャデドス・ディバインスペル・おぞましいおたけび・氷の咆哮・こごえるふぶき・いてつく冷気,,,,クリア後,2026-03-08
boss_048A,炎の精霊2回目,さらなる異世界,,1,7000,750,320,320,通常攻撃・メラゾーマ・メラガイアー・ひばしら・おたけび・しゃくねつ・れんごく火炎,,,,クリア後、同時出現,2026-03-08
boss_048B,大地の精霊1回目,さらなる異世界,,1,8000,600,600,200,通常攻撃・痛恨の一撃・ジバリーナ・におう立ち・岩石おとし・じわれ,,,,クリア後、同時出現,2026-03-08
boss_048C,水の精霊1回目,さらなる異世界,,1,6800,440,300,150,通常攻撃・マヒャド・マヒャデドス・マジックバリア・さざなみのうた・やすらぎの歌・いてつくはどう（頻度高い）,,,,クリア後、同時出現,2026-03-08
boss_048D,風の精霊1回目,さらなる異世界,,1,6000,460,290,380,通常攻撃・バギグロス・バギムーチョ・マホカンタ・かまいたち・しんくうは,,,,クリア後、同時出現,2026-03-08
boss_049A,かみさま2回目,さらなる異世界,,1,10000,642,462,260,"通常攻撃・様子をうかがう・いっぱつギャグ・かまいたち
※バースト後、4精霊倒れたら引き継ぐ（残りHP0になるまで継続）",,,,クリア後、同時出現,2026-03-08
boss_049B,炎の精霊3回目,さらなる異世界,,1,7000,750,320,320,通常攻撃・メラゾーマ・メラガイアー・ひばしら・おたけび・しゃくねつ・れんごく火炎・ザオリク,,,,クリア後、同時出現,2026-03-08
boss_049C,大地の精霊2回目,さらなる異世界,,1,8000,600,600,200,通常攻撃・痛恨の一撃・ジバリーナ・におう立ち・岩石おとし・じわれ・ザオリク,,,,クリア後、同時出現,2026-03-08
boss_049D,水の精霊2回目,さらなる異世界,,1,6800,440,300,150,通常攻撃・マヒャド・マヒャデドス・マジックバリア・さざなみのうた・やすらぎの歌・いてつくはどう・ザオリク,,,,クリア後、同時出現,2026-03-08
boss_049E,風の精霊2回目,さらなる異世界,,1,6000,460,290,380,通常攻撃・バギグロス・バギムーチョ・マホカンタ・かまいたち・しんくうは・ザオリク,,,,クリア後、同時出現,2026-03-08