boss_id,name,火,氷,風,土,雷,光,闇,攻撃ダウン,守備ダウン,すばやさダウン,ニフラム,即死,眠り,混乱,魅了,マヒ,毒,幻惑,転び,笑い,うっとり,みとれ
boss_001,ゴーレム,2,2,3,1,3,2,2,2,2,2,4,4,1,3,3,4,4,3,3,4,4,3
boss_002,チョッキンガー,1,1,1,1,1,1,1,2,1,2,4,4,4,2,2,2,2,1,2,2,2,4
boss_003,マチルダ,1,3,1,2,2,2,3,3,3,3,4,4,4,4,4,4,4,4,4,4,4,4
boss_004,炎の巨人,3,1,2,2,2,2,2,2,2,2,4,4,3,3,2,3,3,4,4,4,2,2
boss_005,デスアミーゴ,1,1,1,1,1,1,1,3,3,2,4,4,3,4,3,4,2,3,3,2,3,3
boss_006,マシンマスター,2,2,2,2,2,2,2,3,3,2,4,4,4,4,3,4,4,3,3,3,3,3
boss_007,デスマシーン,3,1,3,3,1,3,3,3,3,3,4,4,4,4,4,4,4,2,3,3,3,3
boss_008,ジャン,3,3,2,2,1,1,3,2,2,2,4,4,3,3,4,3,4,3,4,4,4,4
boss_009A,イノップ,1,3,2,3,2,1,2,2,2,2,4,4,3,3,4,3,4,4,3,4,4,4
boss_009B,ゴンズ,1,1,2,3,2,1,1,2,2,2,4,4,3,4,3,4,4,4,2,3,4,4
boss_010,ネペロ,2,2,2,2,2,2,2,2,2,2,4,4,3,3,4,4,2,2,2,4,4,4
boss_011,ガルシア,2,2,2,2,2,2,2,2,2,2,4,4,3,4,3,4,2,3,3,4,4,3
boss_012,トンプソン,2,2,2,2,2,2,2,2,2,2,4,4,3,4,4,4,4,3,3,4,4,4
boss_013,ネリス,1,3,3,1,2,1,2,3,3,2,4,4,4,4,4,4,4,3,3,4,4,4
boss_014,アントリア,3,1,2,2,3,3,1,2,3,3,4,4,3,4,4,4,4,3,3,4,4,4
boss_015A,さんぞく兵,2,2,3,2,2,3,2,3,3,2,4,4,3,4,4,4,3,3,4,1,4,4
boss_015B,さんぞくマージ,3,2,2,2,2,2,3,2,2,2,4,4,4,1,4,4,3,3,4,4,4,4
boss_015C,さんぞく,3,3,3,2,2,2,2,2,2,2,4,4,1,3,4,2,2,3,2,4,4,4
boss_015D,エテポンゲ,1,1,3,1,1,1,1,3,3,2,4,4,3,3,2,4,4,3,2,3,2,2
boss_016,さんぞくのカシラ,2,1,3,2,2,2,2,2,2,2,4,4,4,4,4,4,3,3,2,2,4,1
boss_017,ボーンライダー,1,3,1,1,1,1,3,2,2,2,2,3,3,4,4,4,2,3,2,3,3,3
boss_018,セト,3,1,1,1,1,1,1,2,2,2,4,4,4,4,4,4,2,3,3,4,4,4
boss_019A,ユバールの守り手たち：ゴトス,2,2,2,2,2,2,2,2,2,2,4,4,4,1,1,4,1,4,4,4,4,2
boss_019B,テラミス,2,2,2,2,2,2,2,2,2,2,4,4,2,2,2,2,2,2,2,2,2,2
boss_019C,ポルル,2,2,2,2,2,2,2,2,2,2,4,4,3,4,4,3,4,3,3,3,3,4
boss_020,海底のゴースト,3,2,1,2,3,3,3,2,2,2,4,4,4,3,4,4,4,3,4,4,4,4
boss_021,グラコス,1,3,2,1,1,3,3,3,4,4,4,4,4,4,4,3,2,3,4,4,4,4
boss_022,キングスライム,2,1,2,2,1,2,2,2,2,2,4,4,3,4,3,3,1,3,2,3,3,2
boss_023,スカイドラゴン,3,1,2,3,2,3,2,2,2,2,4,4,3,3,4,3,2,3,4,4,4,4
boss_024,グラコス5世,1,3,2,1,1,3,3,3,4,4,4,4,4,4,4,3,2,3,4,4,4,4
boss_025,メディルの使い,3,3,3,3,3,3,3,4,4,4,4,4,4,4,4,4,4,4,4,4,4,4
boss_026,ゼッペル,2,3,3,1,2,2,3,3,3,3,4,4,4,4,4,4,1,2,4,4,4,4
boss_027,あめふらし,1,3,3,1,3,1,2,3,2,2,4,4,4,3,4,3,3,3,2,4,4,4
boss_028,ボトク,3,1,3,1,2,2,2,2,2,2,4,4,4,4,4,4,4,4,4,4,4,4
boss_029,やみのまじん,2,2,3,3,2,2,2,3,3,3,4,4,4,4,4,4,4,4,4,3,4,4
boss_030A,ヘルクラウダー,2,2,3,2,2,2,3,4,4,4,4,4,4,4,4,4,4,4,4,4,4,4
boss_030B,ベビークラウド,1,3,2,2,2,1,3,2,2,2,4,4,3,3,3,3,2,3,4,1,3,3
boss_031A,ガマデウス,2,3,2,1,1,2,2,2,2,2,4,4,4,3,3,4,4,4,3,3,3,3
boss_031B,だいおうガマ,2,3,2,1,1,2,2,2,2,2,4,3,3,3,3,3,2,2,3,4,4,4
boss_031C,ポイズントード,2,3,2,1,1,2,2,2,2,2,4,4,3,3,3,3,2,2,3,4,4,4
boss_032,パリクナジャ,1,3,3,2,3,2,2,3,3,3,4,4,4,4,4,3,3,3,4,4,4,4
boss_033,タイムマスター,3,2,3,2,2,3,2,2,2,2,4,4,4,4,4,4,4,2,4,4,4,4
boss_034A,オルゴデミーラ1回目第一形態,3,1,2,3,2,3,2,3,3,2,4,4,3,4,4,4,4,4,3,4,4,4
boss_034B,オルゴデミーラ1回目第ニ形態,2,1,1,2,2,3,2,4,1,2,4,4,4,4,4,4,3,3,4,4,4,4
boss_035,ボンドゥル,2,2,3,3,1,1,3,2,2,2,4,4,2,3,3,3,2,2,4,4,4,4
boss_036,炎の精霊（1回目）,3,1,2,2,2,3,2,2,2,2,4,4,4,4,4,4,4,2,4,4,4,4
boss_037,ネンガル,1,1,3,1,1,1,1,3,3,3,4,4,4,4,4,3,4,4,3,3,4,4
boss_038A,アイロス,1,3,3,3,1,3,3,3,3,3,4,4,3,4,4,3,3,3,3,4,3,3
boss_038B,ヘルバトラー,3,1,3,2,1,3,3,2,2,2,4,4,1,3,3,3,3,3,3,4,3,2
boss_039,ボルンガ,1,3,2,2,1,2,2,2,2,2,4,4,4,4,4,4,2,4,4,4,4,2
boss_040A,ヘルバオム,1,3,3,1,3,3,3,2,2,2,4,4,4,4,4,4,4,3,4,4,4,4
boss_040B,ヘルバオムのねっこ,1,3,3,1,3,1,2,2,2,2,4,4,4,4,4,4,4,4,4,4,4,4
boss_041,チビィ,1,2,2,2,2,1,2,1,1,2,4,4,1,3,2,3,4,3,2,4,3,4
boss_042A,オルゴデミーラ2回目第一形態,2,1,1,2,2,3,2,4,1,2,4,4,4,4,3,4,3,3,4,4,4,4
boss_042B,オルゴデミーラ2回目第ニ形態,3,1,2,3,2,3,2,3,3,2,4,4,3,4,4,4,4,4,3,4,4,4
boss_042C,オルゴデミーラ2回目第三形態,1,2,2,3,2,1,3,3,2,3,4,4,4,4,4,3,4,3,3,4,4,4
boss_042D,オルゴデミーラ2回目最終形態,1,2,2,3,2,1,3,3,3,2,4,4,4,4,4,4,4,4,4,4,4,4