item_id,name,category,slot,atk,def,price_buy,price_sell,effect,last_verified,era,obtain,damage_mul
item_001,やくそう,道具,,,,16,8,仲間ひとりのHPを30〜回復,2026/03/07,,,
item_002,上やくそう,道具,,,,48,24,仲間ひとりのHPを50〜回復,2026/03/07,,,
item_003,どくけしそう,道具,,,,20,10,仲間ひとりの毒を治す,2026/03/07,,,
item_004,せいすい,道具,,,,30,15,弱い魔物を寄せつけない水,2026/03/07,,,
item_005,キメラのつばさ,道具,,,,25,12,戦闘中に使うと必ず逃げられる,2026/03/07,,,
item_006,せかいじゅの葉,道具,,,,-,500,仲間ひとりを生き返らせる,2026/03/07,,,
item_007,せかいじゅのしずく,道具,,,,"25,000","2,500",仲間全員のHPを完全に回復,2026/03/07,,,
item_008,まんげつそう,道具,,,,30,15,仲間ひとりのマヒや眠りを治す,2026/03/07,,,
item_009,まほうの小ビン,道具,,,,600,50,仲間ひとりのMPを20〜回復,2026/03/07,,,
item_010,まほうのせいすい,道具,,,,"3,600",300,仲間ひとりのMPを50〜回復,2026/03/07,,,
item_011,エルフののみぐすり,道具,,,,-,"3,600",仲間ひとりのMPを完全に回復,2026/03/07,,,
item_012,アミットせんべい,道具,,,,5,2,仲間ひとりのHPを10〜回復,2026/03/07,,,
item_013,アミットまんじゅう,道具,,,,10,5,仲間ひとりのHPを10〜回復,2026/03/07,,,
item_014,奇跡の石,道具,,,,-,-,仲間ひとりのHPを20〜回復,2026/03/07,,,
item_015,けんじゃの石,道具,,,,-,-,仲間全員のHPを80〜回復,2026/03/07,,,
item_016,ちからのたね,道具,,,,-,15,ちからが少しだけ上がる,2026/03/07,,,
item_017,超ちからのたね,道具,,,,-,-,ちからが20上がる種,2026/03/07,,,
item_018,すばやさのたね,道具,,,,-,12,すばやさが少しだけ上がる種,2026/03/07,,,
item_019,超すばやさのたね,道具,,,,-,-,すばやさが20上がる種,2026/03/07,,,
item_020,まもりのたね,道具,,,,-,15,みのまもりが少しだけ上がる種,2026/03/07,,,
item_021,超まもりのたね,道具,,,,-,-,みのまもりが20上がる種,2026/03/07,,,
item_022,命のきのみ,道具,,,,-,17,さいだいHPが少しだけ上がる,2026/03/07,,,
item_023,超命のきのみ,道具,,,,-,-,さいだいHPが20上がる実,2026/03/07,,,
item_024,ふしぎなきのみ,道具,,,,-,20,さいだいMPが少しだけ上がる,2026/03/07,,,
item_025,超ふしぎなきのみ,道具,,,,-,-,さいだいMPが20上がる実,2026/03/07,,,
item_026,うつくしそう,道具,,,,-,-,みりょくが少しだけ増える草,2026/03/07,,,
item_027,超うつくしそう,道具,,,,-,-,みりょくが20上がる草,2026/03/07,,,
item_028,どくがのこな,道具,,,,310,155,敵1体をマヒさせる毒粉,2026/03/07,,,
item_029,命の石,道具,,,,"10,000","1,000",持ち主の代わりに死の攻撃を受ける身代わりの石,2026/03/07,,,
item_030,うまのふん,道具,,,,-,1,かぐわしいウマの落としモノ,2026/03/07,,,
item_031,アンチョビサンド,道具,,,,-,-,マーレが作った自家製アンチョビサンドウィッチ,2026/03/07,,,
item_032,木の人形,道具,,,,-,-,マチルダの思い出がつまった特別な人形,2026/03/07,,,
item_033,熟練のたね,道具,,,,-,-,職業ランクが1上がる,2026/03/07,,,
item_034,きようさのたね,道具,,,,-,15,きようさが少しだけ上がる,2026/03/07,,,
item_035,しんこうのたね,道具,,,,-,10,かいふく魔力が少しだけ上がる,2026/03/07,,,
item_036,まりょくのたね,道具,,,,-,10,こうげき魔力が少しだけ上がる,2026/03/07,,,
item_037,特やくそう,道具,,,,90,45,仲間ひとりのHPを90~回復,2026/03/07,,,
item_038,ひのきのぼう,武器,,攻撃+7,,10,5,なし,2026/03/07,,,
item_039,こんぼう,武器,,攻撃+10,,110,55,なし,2026/03/07,,,
item_040,どうのつるぎ,武器,,攻撃+13,,220,110,なし,2026/03/07,,,
item_041,はがねのつるぎ,武器,,攻撃+30,,"2,400","1,200",なし,2026/03/07,,,
item_042,はじゃのつるぎ,武器,,攻撃+42,,-,"2,200",戦闘中に使うと敵1グループを炎で焼き払う,2026/03/07,,,
item_043,のこぎり刀,武器,,攻撃+54,,#N/A,2500,なし,2026/03/07,,,
item_044,さざなみの剣,武器,,攻撃+65,,-,"3,950",戦闘中に使うと呪文をはね返す魔法のバリアをはる,2026/03/07,,,
item_045,ようせいの剣,武器,,攻撃+52 魅力+18,,"5,000","2,500",戦闘中に使うと守備力をかなり上げる,2026/03/07,,,
item_046,プラチナソード,武器,,攻撃+71 魅力+15,,"10,000","5,000",なし,2026/03/07,,,
item_047,こおりのやいば,武器,,攻撃+58,,"6,000","3,000",武器での攻撃が氷属性になる,2026/03/07,,,
item_048,まどろみの剣,武器,,攻撃+62 魅力+30,,"7,000","3,500",攻撃時8%で敵を眠らせる,2026/03/07,,,
item_049,はやぶさの剣,武器,,攻撃+60,,-,"7,000",2回攻撃できる,2026/03/07,,,0.75
item_050,ゆうわくの剣,武器,,攻撃+68 魅力+45,,"8,000","4,000",攻撃時12%で敵を魅了する,2026/03/07,,,
item_051,ゾンビキラー,武器,,攻撃+77,,"9,000","4,500",ゾンビ系の敵へ与えるダメージが50%増える,2026/03/07,,,1.5
item_052,ドラゴンキラー,武器,,攻撃+96,,-,-,ドラゴン系の敵へ与えるダメージが50%増える,2026/03/07,,,1.5
item_053,ほのおのつるぎ,武器,,攻撃+90,,-,"6,200",武器での攻撃が炎属性になる,2026/03/07,,,
item_054,ユバールの剣,武器,,攻撃+60,,-,-,攻撃時6%で敵をうっとりさせる,2026/03/07,,,
item_055,らいめいの剣,武器,,攻撃+95,,-,"6,500",戦闘中に使うと聖なる稲妻が敵1グループを襲う_武器での攻撃が雷属性になる,2026/03/07,,,
item_056,ゴディアスの剣,武器,,攻撃+97,,"14,000","7,000",戦闘中に使うと敵全体の守備力をすこし下げる,2026/03/07,,,
item_057,きせきのつるぎ,武器,,攻撃+100 魅力+28,,-,-,攻撃で与えたダメージの25%HPが回復する,2026/03/07,,,
item_058,ふぶきのつるぎ,武器,,攻撃+102,,"15,000","7,500",攻撃後氷属性の追加ダメージを与える,2026/03/07,,,
item_059,バスタードソード,武器,,攻撃+116,,16200,"8,100",なし,2026/03/07,,,
item_060,はかいのつるぎ,武器,,攻撃+170,,-,-,呪文や特技のMP消費が2倍になる,2026/03/07,,,
item_061,もろはのつるぎ,武器,,攻撃+150,,-,"11,000",物理攻撃で与えた18%のダメージを自身も受ける,2026/03/07,,,
item_062,王者のつるぎ,武器,,攻撃+125,,-,-,戦いで敵にねらわれやすくなる,2026/03/07,,,
item_063,水竜の剣,武器,,攻撃+120 魅力+52,,-,-,戦闘中に使うと水流を呼び敵1グループに攻撃,2026/03/07,,,
item_064,メタルキングの剣,武器,,攻撃+175,,-,-,メタル系の敵に＋1ダメージ追加する,2026/03/07,,,
item_065,オチェアーノの剣,武器,,攻撃+140,,-,-,攻撃後雷属性の追加ダメージを与える_戦闘中に使うと攻撃力をかなり上げる,2026/03/07,,,
item_066,とがったホネ,武器,,攻撃+6 みかわし率+4%,,110,55,なし,2026/03/07,,,
item_067,ブロンズナイフ,武器,,攻撃+12 みかわし率+5%,,150,75,なし,2026/03/07,,,
item_068,せいなるナイフ,武器,,攻撃+17 みかわし率+6%,,400,200,ゾンビ系の敵への与えるダメージが20%増える,2026/03/07,,,1.2
item_069,どくがのナイフ,武器,,攻撃+24 みかわし率+8%,,-,800,攻撃時8%で敵をマヒさせる,2026/03/07,,,
item_070,アサシンダガー,武器,,攻撃+44 みかわし率+10%,,-,"2,100",攻撃時5%で敵を即死させる_先制する確率が10%上がる,2026/03/07,,,
item_071,石のオノ,武器,,攻撃+19 会心率+3%,,640,320,なし,2026/03/07,,,
item_072,てつのオノ,武器,,攻撃+38 会心率+3%,,2800,1400,なし,2026/03/07,,,
item_073,バトルアックス,武器,,HP+20 攻撃+50 会心率+5％,,5000,2500,なし,2026/03/07,,,
item_074,まじんのオノ,武器,,攻撃+108 会心率+12%,,-,-,なし,2026/03/07,,,
item_075,おおきづち,武器,,攻撃+15,,310,155,なし,2026/03/07,,,
item_076,おおかなづち,武器,,攻撃+26 素早さ-20,,-,900,なし,2026/03/07,,,
item_077,ウォーハンマー,武器,,攻撃+64 素早さ-30 魅力+19,,"6,000","3,000",なし,2026/03/07,,,
item_078,まじんのかなづち,武器,,攻撃+132 素早さ-50 魅力+33,,-,"7,500",攻撃があたれば必ず会心の一撃になる,2026/03/07,,,
item_079,まどうしの杖,武器,,攻撃+15 攻魔+17 回復魔+8 MP吸収率+8%,,1200,600,なし,2026/03/07,,,
item_080,しゅくふくの杖,武器,,攻撃+17 攻魔+18 回復魔+20 MP吸収率+9%,,-,1500,戦闘中に使うと味方ひとりのHPを65〜回復する,2026/03/07,,,
item_081,いかずちの杖,武器,,攻撃+40 攻魔+48 回復魔+13 MP吸収率+10%,,-,3500,戦闘中に使うとはげしい雷で敵全体を攻撃,2026/03/07,,,
item_082,スライムステッキ,武器,,攻撃+10 攻魔+10 MP吸収率+10%,,-,-,戦闘中に使うとスライム系の仲間を呼びだす_効果は以下からランダム,2026/03/07,,,
item_083,ねむりの杖,武器,,攻撃+18 攻魔+22 回復魔+12 MP吸収率+8%,,2000,1000,戦闘中に使うと敵1体を眠りに誘う,2026/03/07,,,
item_084,てんばつの杖,武器,,攻撃+43 攻魔+44 回復魔+25 MP吸収率+10%,,8000,4000,戦闘中に使うと真空の刃で敵2〜5体を切り裂く,2026/03/07,,,
item_085,さばきの杖,武器,,攻撃+32 攻魔+34 回復魔+16 MP吸収率+9%,,-,3000,戦闘中に使うと風が敵2〜4体を切り裂く,2026/03/07,,,
item_086,まふうじの杖,武器,,攻撃+38 攻魔+40 回復魔+19 MP吸収率+10%,,-,3900,戦闘中に使うと敵1グループの呪文を封じる,2026/03/07,,,
item_087,ルーンスタッフ,武器,,攻撃+23 攻魔+28 回復魔+16 MP吸収率+9%,,-,-,戦闘中に使うと味方全員の守備力をすこし上げる,2026/03/07,,,
item_088,けんじゃの杖,武器,,攻撃+51 攻魔+56 回復魔+42 MP吸収率+11%,,13000,6500,戦闘中に使うと味方全員のブレスダメージを軽減する,2026/03/07,,,
item_089,マグマの杖,武器,,攻撃+58 攻魔+83 回復魔-50 MP吸収率+10%,,-,-,戦闘中に使うとマグマが敵全体をおおいつくす,2026/03/07,,,
item_090,ふっかつの杖,武器,,攻魔+62 回復魔+76 MP吸収率+12%,,-,15000,戦闘中に使うと味方ひとりを確実に生き返らせる,2026/03/07,,,
item_091,うみなりの杖,武器,,攻撃+76 攻魔+79 回復魔+46 MP吸収率+12%,,20000,10000,戦闘中に使うと海のチカラで敵全体を攻撃,2026/03/07,,,
item_092,えいゆうの杖,武器,,攻撃+103 攻魔+50 回復魔+50 MP吸収率+12%,,-,-,戦闘中に使うと仲間ひとりを鋼鉄に変化させ攻撃を無効化する,2026/03/07,,,
item_093,たけのやり,武器,,攻撃+8 盾ガード+3%,,50,25,なし,2026/03/07,,,
item_094,てつのやり,武器,,攻撃+23 盾ガード+5%,,750,375,なし,2026/03/07,,,
item_095,ホーリーランス,武器,,攻撃+39 魅力+32 盾ガード+7%,,"3,000","1,500",ゾンビ系の敵へ与えるダメージが30%増える,2026/03/07,,,1.3
item_096,デーモンスピア,武器,,攻撃+116 盾ガード+10%,,-,-,攻撃時6%で敵を即死させる,2026/03/07,,,
item_097,いばらのムチ,武器,,攻撃+14,,500,250,なし,2026/03/07,,,
item_098,皮のムチ,武器,,攻撃+20,,800,400,なし,2026/03/07,,,
item_099,チェーンクロス,武器,,攻撃+38,,"3,200","1,600",なし,2026/03/07,,,
item_100,ドラゴンテイル,武器,,攻撃+56,,"6,800","3,400",ドラゴン系の敵へ与えるダメージが20%増える,2026/03/07,,,1.2
item_101,はがねのムチ,武器,,攻撃+68,,"7,500","3,750",なし,2026/03/07,,,
item_102,グリンガムのムチ,武器,,攻撃+116,,-,-,すべての敵に等しくダメージを与える,2026/03/07,,,
item_103,モーニングスター,武器,,攻撃+46,,"5,500","2,750",すべての敵に等しくダメージを与える,2026/03/07,,,
item_104,はかいの鉄球,武器,,攻撃+155,,-,-,敵全体に攻撃できる_すべての敵に等しくダメージを与える,2026/03/07,,,
item_105,ブーメラン,武器,,攻撃+20,,-,300,なし,2026/03/07,,,
item_106,やいばのブーメラン,武器,,攻撃+26,,3000,1500,なし,2026/03/07,,,
item_107,炎のブーメラン,武器,,攻撃+68,,11200,5600,武器での攻撃が炎属性になる,2026/03/07,,,
item_108,てつのツメ,武器,,攻撃+21 会心率+3%,,920,460,なし,2026/03/07,,,
item_109,ほのおのツメ,武器,,攻撃+53 会心率+5%,,8000,4000,戦闘中に使うと大きな火の玉で敵1体を攻撃_武器での攻撃が炎属性になる,2026/03/07,,,
item_110,ドラゴンクロー,武器,,攻撃+67 会心率+6%,,-,4200,ドラゴン系の敵へ与えるダメージが30%増える,2026/03/07,,,
item_111,あくまのツメ,武器,,攻撃+74 会心率+7%,,9600,4800,攻撃時8%で敵を猛毒にする,2026/03/07,,,
item_112,まじゅうのツメ,武器,,攻撃+86 会心率+8%,,11600,5800,攻撃時10%で敵を猛毒にする_鳥系の敵へ与えるダメージが30%増える,2026/03/07,,,
item_113,石のキバ,武器,,攻撃+12,,340,170,なし,2026/03/07,,,
item_114,はがねのキバ,武器,,攻撃+32,,2200,1100,なし,2026/03/07,,,
item_115,まじゅうのキバ,武器,,攻撃+63,,7600,3800,攻撃時8%で敵をマヒさせる,2026/03/07,,,
item_116,オリハルコンのキバ,武器,,攻撃+135,,-,-,なし,2026/03/07,,,
item_117,月のおうぎ,武器,,攻撃+34 魅力+56,,5700,2850,攻撃時6%で敵をマヒさせる,2026/03/07,,,
item_118,太陽のおうぎ,武器,,攻撃+56 魅力+71,,-,4950,攻撃時8%で敵をうっとりさせる_戦闘中に使うと猛烈な炎が敵1グループを焼きつくす,2026/03/07,,,
item_119,どくばり,武器,,攻撃+1 みかわし率+10%,,-,-,攻撃時10%で敵を即死させる,2026/03/07,,,
item_120,キラーピアス,武器,,攻撃+51 魅力+15 みかわし率+12%,,"10,000","5,000",2回攻撃できる,2026/03/07,,,
item_121,パワーナックル,武器,,攻撃+40 素早さ+40,,-,2000,なし,2026/03/07,,,
item_122,フライパン,武器,,攻撃+42 素早さ-10,,-,100,なし,2026/03/07,,,
item_123,スライムの剣,武器,,攻撃+19 素早さ+20,, ,,スライム系に対するダメージ+50%,2026/03/07,,,
item_124,スライムブーメラン,武器,,攻撃+14,,-,-,スライム系に対するダメージ+50%,2026/03/07,,,1.5
item_125,フェアリーステッキ,武器,,攻撃+26 攻魔+24 回復魔+31 MP吸収率+11%,,4000,2000,自然系の敵を攻撃時8%で魅了する_自分の行動が来るたびにHPが10回復する,2026/03/07,,,
item_126,超グリンガムのムチ,武器,,攻撃+162 魅力+40,,-,-,すべての敵に等しくダメージを与える,2026/03/07,,,
item_127,メタスラの剣,武器,,攻撃+99,,-,10000,メタル系の敵に+1ダメージ追加する,2026/03/07,,,
item_128,メタスラブーメラン,武器,,攻撃+74,,-,12000,メタル系の敵に+1ダメージ追加する,2026/03/07,,,
item_129,メルビンの剣,武器,,攻撃+72,,-,-,攻撃後光属性の追加ダメージを与える,2026/03/07,,,
item_130,冥獣のツメ,武器,,攻撃+104 会心率+10％,,14000,7000,攻撃時12%で敵を猛毒にする_けもの系の敵へ与えるダメージが50%増える,2026/03/07,,,
item_131,ひかりのつるぎ,武器,,攻撃+80 魅力+22,,"10,000","5,000",武器での攻撃が光属性になる_戦闘中に使うと大きな爆発で敵全体を攻撃,2026/03/07,,,
item_132,星のおうぎ,武器,,攻撃+22 魅力+39,,4100,2050,攻撃時6%の確率で敵を混乱させる,2026/03/07,,,
item_133,よるのパピヨン,武器,,攻撃+77 みかわし率+15%,,"11,200","5,600",攻撃時12%で敵をマヒさせる_自然系の敵へ与えるダメージが50%増える,2026/03/07,,,
item_134,プラチナのやり,武器,,攻撃+70 魅力+46 盾ガード+9%,,"10,000","5,000",なし,2026/03/07,,,
item_135,ビーストウィップ,武器,,攻撃+32,,-,"1,500",けもの系の敵へ与えるダメージが30%増える,2026/03/07,,,1.3
item_136,セイレーンの杖,武器,,攻撃+46 攻魔+41 回復魔+57 MP吸収率+12%,,-,7200,攻撃時8%で敵を魅了する_戦闘中に使うと味方ひとりのHPを52回復しHP自動回復に,2026/03/07,,,
item_137,女神の杖,武器,,攻撃+62 攻魔+59 回復魔+63 MP吸収率+15%,,-,8100,戦闘中に使うと味方ひとりの呪いを払う_あくま系の敵へ与えるダメージが20%増える,2026/03/07,,,
item_138,こおりの杖,武器,,攻撃+28 攻魔+32 回復魔+12 MP吸収率+9%,,5400,2700,戦闘中に使うと氷のかたまりが敵1グループをつらぬく,2026/03/07,,,
item_139,すいせいのつるぎ,武器,,攻撃+147 魅力+35,,-,-,攻撃時12%で敵の守備力をすこし下げる,2026/03/07,,,
item_140,はぐれメタルの剣,武器,,攻撃+136,,-,20000,メタル系の敵に+1ダメージ追加する,2026/03/07,,,
item_141,グレートアックス,武器,,HP+30 攻撃+106 魅力+27 会心率+8%,,-,15000,攻撃時8%で敵の攻撃力をすこし下げる,2026/03/07,,,
item_142,聖王のおうぎ,武器,,攻撃+73 魅力+86,,-,-,自然系の敵へ与えるダメージが20%増える,2026/03/07,,,
item_143,とこしえの杖,武器,,攻撃+90 攻魔+100 回復魔+49 MP吸収率+15%,,-,-,呪文暴走率が10%増える,2026/03/07,,,
item_144,タイタニアステッキ,武器,,攻撃+36 攻魔+30 回復魔+46 MP吸収率+14%,,6600,3300,自然系の敵を攻撃時10%で魅了する_自分の行動が来るたびにHPが15回復する,2026/03/07,,,
item_145,ロトのつるぎ,武器,,攻撃+200 攻魔+70 回復魔+70 魅力+100,,-,-,武器での攻撃が雷属性になる_自分の行動がくるたびにHPが100回復する,2026/03/07,,,
item_146,ぎんがのつるぎ,武器,,攻撃+182 魅力+50,,-,-,攻撃時24%で敵の守備力をすこし下げる,2026/03/07,,,
item_147,真・水竜の剣,武器,,攻撃+190 魅力+75 会心率+10%,,-,-,戦闘中に使うと脅威の激流を呼び敵1グループぶ攻撃_受けるダメージを20%減らす,2026/03/07,,,
item_148,聖竜のえんげつとう,武器,,攻撃+170 魅力+58 盾ガード+13%,,-,-,攻撃で与えたダメージの25%HPが回復する_武器での攻撃が光属性になる,2026/03/07,,,
item_149,はぐメタブーメラン,武器,,攻撃+106,,-,24000,メタル系の敵に+1ダメージ追加する,2026/03/07,,,
item_150,ラヴィアンローズ,武器,,攻撃+94 魅力+109,,-,-,攻撃時10％で敵を魅了する_バーストチャージ状態になりやすくなる,2026/03/07,,,
item_151,メタキンブーメラン,武器,,攻撃+140,,-,-,メタル系の敵に+1ダメージ追加する,2026/03/07,,,
item_152,布の服,服,,守備+4,,10,5,なし,2026/03/07,,,
item_153,たびびとの服,服,,守備+7,,70,35,なし,2026/03/07,,,
item_154,きぬのタキシード,服,,守備+10 魅力+12,,-,"1,750",なし,2026/03/07,,,
item_155,スライムの服,服,,守備+10 素早さ+10,,800,400,先制する確率が5％上がる,2026/03/07,,,
item_156,おどりこの服,服,,守備+20 魅力+21 みかわし率0.06,,"1,080",540,なし,2026/03/07,,,
item_157,きぞくの服,服,,守備+21 魅力+18,,-,900,なし,2026/03/07,,,
item_158,みかわしの服,服,,守備+28 みかわし率0.1,,"2,000","1,000",なし,2026/03/07,,,
item_159,はでな服,服,,守備+28 魅力+28,,"2,500","1,250",なし,2026/03/07,,,
item_160,かいぞくの服,服,,HP+5 守備+32 器用さ+20,,"2,800","1,400",なし,2026/03/07,,,
item_161,おしゃれなスーツ,服,,守備+40 魅力+36,,-,"4,000",なし,2026/03/07,,,
item_162,マジカルスカート,服,,守備+38 攻魔+20 回復魔+20,,"3,500","1,750",すべての属性ダメージを7%減らす,2026/03/07,,,
item_163,皮のドレス,服,,守備+17,,700,350,なし,2026/03/07,,,
item_164,パーティードレス,服,,守備力+40魅力+38,,7000,3500,なし,2026/03/07,,,
item_165,スパンコールドレス,服,,守備+48 魅力+48,,8400,4200,なし,2026/03/07,,,
item_166,ひかりのドレス,服,,守備+78 魅力+71,,-,"12,000",30%で敵から受けた呪文をはね返す,2026/03/07,,,
item_167,ただの布きれ,服,,守備+1,,5,2,なし,2026/03/07,,,
item_168,ふろしきマント,服,,守備+33 器用さ+50,,-,-,倒した敵がアイテムを落としやすくなる,2026/03/07,,,
item_169,毛皮のマント,服,,守備+18,,900,450,氷のダメージを10%減らす,2026/03/07,,,
item_170,ミンクのコート,服,,守備+52,,"10,600","5,300",氷のダメージを25%減らす,2026/03/07,,,
item_171,ふしぎなボレロ,服,,守備+40 攻魔+17,,-,-,敵から受けた呪文のMPを20%で自分のものにする,2026/03/07,,,
item_172,真ふしぎなボレロ,服,,守備+99 攻魔+50 回復魔+50,,-,-,敵から受けた呪文のMPを50%で自分のものにする,2026/03/07,,,
item_173,やみのころも,服,,守備+56 攻魔+36 みかわし率0.12,,-,-,先制する確率が10%上がる,2026/03/07,,,
item_174,きぬのローブ,服,,守備+13 攻魔+6,,-,800,なし,2026/03/07,,,
item_175,まほうの法衣,服,,守備+24 攻魔+15 回復魔+15,,"2,600","1,300",すべての属性ダメージを18%減らす,2026/03/07,,,
item_176,まどうしのローブ,服,,守備+34 攻魔+21 魅力+31,,"3,100","1,550",炎のダメージを10%減らす_光のダメージを10%減らす,2026/03/07,,,
item_177,風のローブ,服,,守備+50 攻魔+30 素早さ+30 魅力+39 みかわし率0.2,,-,-,なし,2026/03/07,,,
item_178,天使のローブ,服,,守備+48 攻魔+22 回復魔+34,,"9,400","4,700",すべての属性ダメージを12％減らす_即死を50％で防ぐ,2026/03/07,,,
item_179,清きころも,服,,守備+64 魅力+77,,-,-,すべての属性ダメージを25%減らす,2026/03/07,,,
item_180,みずのはごろも,服,,守備+48 攻魔+26 回復魔+26,,"8,400","4,200",炎のダメージを20%減らす_氷のダメージを20%減らす,2026/03/07,,,
item_181,プリンセスローブ,服,,守備+44 攻魔+28 回復魔+23 魅力+41,,-,"3,400",すべての属性ダメージを12%減らす,2026/03/07,,,
item_182,ドラゴンローブ,服,,守備+70 攻魔+43 回復魔+35,,"19,000","9,500",すべての属性ダメージを15%減らす,2026/03/07,,,
item_183,ステテコパンツ,服,,守備+5,,-,50,なし,2026/03/07,,,
item_184,皮のこしまき,服,,守備+12,,400,200,なし,2026/03/07,,,
item_185,バニースーツ,服,,守備+17 魅力+40,,-,1000,なし,2026/03/07,,,
item_186,天使のレオタード,服,,守備+93 魅力+104,,-,"15,000",なし,2026/03/07,,,
item_187,シルクのビスチェ,服,,守備+38 魅力+63,,"7,800","3,900",なし,2026/03/07,,,
item_188,しんぴのビスチェ,服,,守備+84 魅力+91 会心率0.1,,-,"12,000",なし,2026/03/07,,,
item_189,てつのむねあて,服,,守備+33,,"2,400","1,200",なし,2026/03/07,,,
item_190,ぎんのむねあて,服,,守備+46,,"4,200","2,100",なし,2026/03/07,,,
item_191,皮のよろい,服,,守備+11,,180,90,なし,2026/03/07,,,
item_192,うろこのよろい,服,,守備+15,,450,225,炎のダメージを12%減らす,2026/03/07,,,
item_193,こうらのよろい,服,,守備+20,,980,490,なし,2026/03/07,,,
item_194,くさりかたびら,服,,守備+24,,"1,150",575,なし,2026/03/07,,,
item_195,せいどうのよろい,服,,守備+28,,"1,650",825,なし,2026/03/07,,,
item_196,てつのよろい,服,,守備+38,,"3,200","1,600",なし,2026/03/07,,,
item_197,カメのこうら,服,,守備+40,,"2,000","1,000",なし,2026/03/07,,,
item_198,はがねのよろい,服,,守備+44,,"4,000","2,000",なし,2026/03/07,,,
item_199,バイキングアーマー,服,,HP+10 守備+48,,-,"3,250",なし,2026/03/07,,,
item_200,ダンシングメイル,服,,守備+86 魅力+80 みかわし率0.12,,"9,200","4,600",なし,2026/03/07,,,
item_201,シルバーメイル,服,,守備+52,,"5,700","2,850",すべての属性ダメージを8%減らす,2026/03/07,,,
item_202,まほうのよろい,服,,守備+54 攻魔+19 回復魔+19,,"9,000","4,500",すべての属性ダメージを10%減らす,2026/03/07,,,
item_203,あつでのよろい,服,,守備+62,,"7,800","3,900",炎のダメージを15%減らす_氷のダメージを15%減らす,2026/03/07,,,
item_204,やいばのよろい,服,,守備+77,,-,-,物理攻撃で受けたダメージの100%をはね返す,2026/03/07,,,
item_205,精霊のよろい,服,,守備+78 攻魔+32 回復魔+32,,"21,000","10,500",すべての属性ダメージを12%減らす,2026/03/07,,,
item_206,ドラゴンメイル,服,,守備+69,,"12,000","6,000",炎のダメージを20%減らす_氷のダメージを20%減らす,2026/03/07,,,
item_207,プラチナメイル,服,,守備+73 魅力+43,,"14,000","7,000",すべての属性ダメージを12%減らす,2026/03/07,,,
item_208,炎のよろい,服,,守備+74,,16000,8000,炎のダメージを30%減らす,2026/03/07,,,
item_209,スライムアーマー,服,,守備+70,,"13,200","6,600",なし,2026/03/07,,,
item_210,しんぴのよろい,服,,守備+75,,-,-,自分の行動が来るたびにHPが 20回復する,2026/03/07,,,
item_211,真しんぴのよろい,服,,守備+110,,-,-,自分の行動が来るたびにHPが100回復する,2026/03/07,,,
item_212,ギガントアーマー,服,,守備+105,,-,28000,炎のダメージを15%減らす_氷のダメージを15%減らす,2026/03/07,,,
item_213,ミラーアーマー,服,,守備+98 魅力+91,,-,"19,000",30%で敵から受けた呪文をはね返す,2026/03/07,,,
item_214,王家のよろい,服,,守備+100,,-,-,炎のダメージを20%減らす,2026/03/07,,,
item_215,メタルキングよろい,服,,守備+140,,-,-,すべての属性ダメージを20%減らす,2026/03/07,,,
item_216,ガイアーラのよろい,服,,守備+120,,-,-,すべての属性ダメージを25%減らす,2026/03/07,,,
item_217,王者のマント,服,,守備+80 魅力+71,,-,-,すべての属性ダメージを18%減らす,2026/03/07,,,
item_218,おやすみワンピース,服,,守備+79 魅力+150,,-,-,なし,2026/03/07,,,
item_219,おなべのフタ,盾,,守備+2 魅力-20 盾ガード+5%,,40,20,なし,2026/03/07,,,
item_220,皮の盾,盾,,守備+4 盾ガード+5%,,90,45,なし,2026/03/07,,,
item_221,うろこの盾,盾,,守備+10 盾ガード+5%,,-,140,炎のダメージを8%減らす,2026/03/07,,,
item_222,キトンシールド,盾,,守備+9 みかわし率+8% 盾ガード+5%,,310,155,なし,2026/03/07,,,
item_223,せいどうの盾,盾,,守備+9 盾ガード+6%,,400,200,なし,2026/03/07,,,
item_224,てつの盾,盾,,守備+14 盾ガード+6%,,600,300,炎のダメージを5%減らす_氷のダメージを5%減らす,2026/03/07,,,
item_225,シルバートレイ,盾,,守備+12 魅力+9 盾ガード+5%,,480,240,なし,2026/03/07,,,
item_226,ホワイトシールド,盾,,守備+19 盾ガード+6%,,980,490,炎のダメージを10%減らす,2026/03/07,,,
item_227,まほうの盾,盾,,守備+22 攻魔+12 回復魔+11 盾ガード+6%,,-,-,すべての属性ダメージを5%減らす_戦闘中に使うと呪文耐性がすこし上がる,2026/03/07,,,
item_228,プラチナシールド,盾,,守備+27 魅力+19 盾ガード+7%,,"3,500","1,750",炎のダメージを5%減らす,2026/03/07,,,
item_229,こおりの盾,盾,,守備+31 盾ガード+6%,,"3,800","1,900",氷のダメージを20%減らす,2026/03/07,,,
item_230,ドラゴンシールド,盾,,守備+35 盾ガード+6%,,"4,500","2,250",炎のダメージを15%減らす_氷のダメージを15%減らす,2026/03/07,,,
item_231,ドルフィンシールド,盾,,守備+23 魅力+15 盾ガード+6%,,"1,600",800,氷のダメージを10%減らす,2026/03/07,,,
item_232,ふうじんの盾,盾,,守備+37 盾ガード+6%,,"6,000","3,000",戦闘中に使うと敵全体を光の彼方へ消し去る_風のダメージを20%減らす,2026/03/07,,,
item_233,なげきの盾,盾,,攻撃-40 守備+65 攻魔-40 魅力-100 盾ガード+20%,,-,"9,400",戦闘中に使うと敵1グループを混乱させ攻撃力も上がる_戦いで敵にねらわれにくくなる,2026/03/07,,,
item_234,ちからの盾,盾,,守備+40 盾ガード+7%,,"11,000","5,500",戦闘中に使うとHPを94～回復する,2026/03/07,,,
item_235,オーガシールド,盾,,攻撃+20 守備+20 盾ガード+3%,,"15,200","7,600",炎のダメージを10%減らす_氷のダメージを10%減らす,2026/03/07,,,
item_236,みかがみの盾,盾,,守備+48 魅力+32 盾ガード+8%,,"16,000","8,000",炎のダメージを10%減らす_雷のダメージを30%減らす,2026/03/07,,,
item_237,はめつの盾,盾,,守備+99 盾ガード+1%,,-,-,すべての属性ダメージを20%減らす_敵に与えた30%のダメージを自身も受ける,2026/03/07,,,
item_238,トルナードの盾,盾,,守備+60 盾ガード+10%,,-,-,ブレスダメージを30%減らす_戦闘中に使うと味方全員にブレス攻撃を跳ね返す風の守り,2026/03/07,,,
item_239,メタルキングの盾,盾,,守備+75 盾ガード+10%,,-,-,すべての属性ダメージを10%減らす,2026/03/07,,,
item_240,スライムトレイ青,盾,,守備+10 盾ガード+7%,,-,-,なし,2026/03/07,,,
item_241,メタスラの盾,盾,,守備+42 盾ガード+7%,,-,7000,全ての属性ダメージを5%減らす,2026/03/07,,,
item_242,はぐれメタルの盾,盾,,守備+54 盾ガード+9%,,-,-,すべての属性ダメージを7%減らす,2026/03/07,,,
item_243,ロトの盾,盾,,守備+90 盾ガード+12%,,-,-,戦闘中に使うと受けるダメージを50%減らし悪い効果から守る_炎氷闇のダメージを20%減らす,2026/03/07,,,
item_244,ほのおの盾,盾,,守備+50 盾ガード+8%,,-,5300,炎のダメージを20%減らす,2026/03/07,,,
item_245,スライムトレイ赤,盾,,守備+10 盾ガード+7%,,-,-,なし,2026/03/07,,,
item_246,スライムトレイ緑,盾,,守備+10 盾ガード+7%,,-,-,なし,2026/03/07,,,
item_247,スライムトレイ銀,盾,,守備+10 盾ガード+7%,,-,-,なし,2026/03/07,,,
item_248,皮のぼうし,兜,,守備+3,,65,32,なし,2026/03/07,,,
item_249,とんがりぼうし,兜,,守備+6,,70,35,なし,2026/03/07,,,
item_250,木のぼうし,兜,,守備+8,,120,60,なし,2026/03/07,,,
item_251,かいがらぼうし,兜,,守備+10,,250,125,なし,2026/03/07,,,
item_252,ふしぎなぼうし,兜,,守備+32 攻魔+27,,-,-,消費MPを25%減らす,2026/03/07,,,
item_253,毛皮のフード,兜,,守備+21,,900,450,なし,2026/03/07,,,
item_254,ちしきのぼうし,兜,,MP+30 攻魔+30 回復魔+30,,-,-,なし,2026/03/07,,,
item_255,シルクハット,兜,,守備+23 魅力+29,,-,"3,000",なし,2026/03/07,,,
item_256,キャプテンハット,兜,,HP+10 守備+38 素早さ+28 魅力+40,,"4,200","2,100",マヒを50%で防ぐ,2026/03/07,,,
item_257,やまびこのぼうし,兜,,守備+25 攻魔+15 回復魔+15,,-,"3,850",となえた呪文が10%でやまびことなってこだまする,2026/03/07,,,
item_258,風のぼうし,兜,,守備+23 素早さ+15 魅力+40,,-,-,戦闘中に使うと確実に逃げられる_先制する確率が10%上がる,2026/03/07,,,
item_259,しあわせのぼうし,兜,,守備+35 攻魔+29 回復魔+29,,-,"10,000",移動中MPが5ずつ回復する,2026/03/07,,,
item_260,ヘアバンド,兜,,守備+5 攻魔+5,,150,75,なし,2026/03/07,,,
item_261,ターバン,兜,,守備+15 攻魔+7 回復魔+7,,610,305,なし,2026/03/07,,,
item_262,ぎんのかみかざり,兜,,守備+30 魅力+30,,"3,600","1,800",なし,2026/03/07,,,
item_263,うさみみバンド,兜,,守備+19 攻魔+9 回復魔+10 魅力+19,,"1,300",650,なし,2026/03/07,,,
item_264,てつなべ,兜,,守備+50 素早さ-50 魅力-50,,-,300,なし,2026/03/07,,,
item_265,てつかぶと,兜,,守備+16,,800,400,なし,2026/03/07,,,
item_266,スライムのかんむり,兜,,HP+10 守備+15,,-,-,なし,2026/03/07,,,
item_267,てっかめん,兜,,守備+25,,"2,100","1,050",なし,2026/03/07,,,
item_268,バイキングメット,兜,,HP+5 守備+30,,"4,000","2,000",なし,2026/03/07,,,
item_269,プラチナヘッド,兜,,守備+36 魅力+20,,"5,000","2,500",なし,2026/03/07,,,
item_270,バーサカヘルム,兜,,攻撃+52 守備+42,,-,-,装備していると幻につつまれる,2026/03/07,,,
item_271,知力のかぶと,兜,,守備+43 攻魔+29 回復魔+29,,-,"10,500",なし,2026/03/07,,,
item_272,黄金のティアラ,兜,,守備+52 魅力+76,,-,-,混乱を80%で防ぐ_即死を80%で防ぐ,2026/03/07,,,
item_273,デュゴンのかぶと,兜,,守備+48,,"8,700","4,350",呪文封印を80%で防ぐ_混乱を80%で防ぐ,2026/03/07,,,
item_274,グレートヘルム,兜,,HP+20 守備+50,,-,-,なし,2026/03/07,,,
item_275,フエーゴのかぶと,兜,,守備+56 魅力+51,,-,-,眠りを80%で防ぐ_混乱を80%で防ぐ,2026/03/07,,,
item_276,メタルキングヘルム,兜,,守備+70,,-,-,眠りを50%で防ぐ_呪文封印を50%で防ぐ,2026/03/07,,,
item_277,はんにゃのめん,兜,,攻撃+255,,-,-,装備していると戦闘中常に混乱状態になる,2026/03/07,,,
item_278,風のマント,装飾品,,素早さ+20 みかわし率+12%,,-,-,なし,2026/03/07,,,
item_279,はがねのかぶと,兜,,守備+41,,"6,000","3,000",なし,2026/03/07,,,
item_280,真ふしぎなぼうし,兜,,守備+35 攻魔+39,,-,-,あくま系の敵へ与えるダメージが30%増える,2026/03/07,,,
item_281,太陽のかんむり,兜,,守備+52 攻魔+35 回復魔+35,,-,-,眠りを50%で防ぐ_混乱を50%で防ぐ,2026/03/07,,,
item_282,ほしふるうでわ,装飾品,,素早さ+100,,-,2500,なし,2026/03/07,,,
item_283,メガンテのうでわ,装飾品,,守備+10,,-,2500,装備者がちからつきると砕けちりメガンテが発動する,2026/03/07,,,
item_284,メガザルのうでわ,装飾品,,守備+10,,-,2500,装備者がちからつきると砕けちりメガザルが発動する,2026/03/07,,,
item_285,きんのブレスレット,装飾品,,守備+7 魅力+9,,-,5000,なし,2026/03/07,,,
item_286,ごうけつのうでわ,装飾品,,攻撃+20,,-,2250,なし,2026/03/07,,,
item_287,おしゃれなバンダナ,装飾品,,守備+5 魅力+22,,-,250,なし,2026/03/07,,,
item_288,しっぷうのバンダナ,装飾品,,守備+14 素早さ+23,,970,485,なし,2026/03/07,,,
item_289,古びたメガネ,装飾品,,守備+1,,-,-,なし,2026/03/07,,,
item_290,インテリメガネ,装飾品,,攻魔+15 回復魔+15 魅力+15,,-,850,なし,2026/03/07,,,
item_291,ちょうネクタイ,装飾品,,守備+2 魅力+25,,1500,750,なし,2026/03/07,,,
item_292,ガーターベルト,装飾品,,守備+16 魅力+30,,1800,900,なし,2026/03/07,,,
item_293,あみタイツ,装飾品,,守備+10 魅力+19,,-,450,なし,2026/03/07,,,
item_294,ガラスのくつ,装飾品,,魅力+60,,-,3000,なし,2026/03/07,,,
item_295,しあわせのくつ,装飾品,,素早さ+10 魅力+10,,-,2000,移動中 経験値を 30ずつ得る,2026/03/07,,,
item_296,超しあわせのくつ,装飾品,,素早さ+39 魅力+30,,-,-,移動中経験値を300ずつ得る,2026/03/07,,,
item_297,いのりのゆびわ,装飾品,,守備+10 魅力+15,,-,1500,戦闘中に使うとMPをすこし回復する,2026/03/07,,,
item_298,ちからのゆびわ,装飾品,,攻撃+8,,-,1250,なし,2026/03/07,,,
item_299,命のゆびわ,装飾品,,HP+10 守備+10,,-,6000,移動中 HPが10ずつ回復する,2026/03/07,,,
item_300,はやてのリング,装飾品,,守備+10 素早さ+32,,-,1550,なし,2026/03/07,,,
item_301,女神のゆびわ,装飾品,,守備+10 回復魔+15,,-,-,移動中MPが10ずつ回復_眠りを50%で防ぐ,2026/03/07,,,
item_302,ほしのかけら,装飾品,,魅力+5,,1000,500,戦闘中に使うと敵1体を混乱させる,2026/03/07,,,
item_303,ピンクパール,装飾品,,MP+10 守備+5 魅力+10,,1500,750,なし,2026/03/07,,,
item_304,うさぎのしっぽ,装飾品,,素早さ+10 魅力+20,,-,300,倒した敵がアイテムを落としやすくなる,2026/03/07,,,
item_305,人魚の月,装飾品,,魅力+40,,-,-,戦闘中に使うと味方ひとりの混乱をなおす,2026/03/07,,,
item_306,スライムピアス,装飾品,,守備+5 魅力+10,,400,200,なし,2026/03/07,,,
item_307,まもりのルビー,装飾品,,守備+20 魅力+5,,-,3000,なし,2026/03/07,,,
item_308,ラッキーペンダント,装飾品,,守備+5 みかわし率+5%,,-,-,悪い効果を20%で防ぐ,2026/03/07,,,
item_309,大地のアミュレット,装飾品,,HP+20 守備+40,,-,-,戦闘中に使うと巨大な岩石を生みだし敵全体を攻撃_雷のダメージを20%減らす,2026/03/07,,,
item_310,炎のアミュレット,装飾品,,攻撃+30 魅力+10,,-,-,戦闘中に使うと火柱を立て敵1体を攻撃_炎のダメージを20%減らす,2026/03/07,,,
item_311,水のアミュレット,装飾品,,MP+20 攻魔+20 回復魔+20 魅力+20,,-,-,戦闘中に使うと攻撃を1度だけ完全に防ぐ_氷のダメージを20％減らす,2026/03/07,,,
item_312,風のアミュレット,装飾品,,素早さ+60 魅力+60,,-,-,戦闘中に使うと真空の刃で敵全体を攻撃_風のダメージを20%減らす,2026/03/07,,,
item_313,ヒーローベルト,装飾品,,魅力+50,,-,-,移動中HPとMPが3ずつ回復する,2026/03/07,,,
item_314,おおきづちの心,心,,会心率+10%,,,,10,2026/03/07,,,
item_315,ゴーレムの心,心,,効果,,,,戦闘中1度だけ、ちからつきずにHP1で踏みとどまる,2026/03/07,,,
item_316,スライムの心,心,,みかわし率+10%,,,,10%,2026/03/07,,,
item_317,ゴールドマンの心,心,,,,,,戦闘で獲得するゴールドが50%増える,2026/03/07,,,
item_318,メタルスライムの心,心,,,,,,戦闘で獲得する経験値が20%増える,2026/03/07,,,
item_319,リリパットの心,心,,,,,,ばつぐんの時敵に与えるダメージが20%増える,2026/03/07,,,
item_320,ねこまどうの心,心,,,,,,呪文暴走率が10%増える,2026/03/07,,,
item_321,インプの心,心,,,,,,MPが半分以下の時まほうの小ビン所持でターン開始時に自動で使用,2026/03/07,,,
item_322,ブラウニーの心,心,,,,,,「気合いため」を使うと、次の技の威力がさらに増える,2026/03/07,,,
item_323,バブルスライムの心,心,,,,,,攻撃時10%で敵を猛毒にする,2026/03/07,,,
item_324,ホイミスライムの心,心,,,,,,自分の行動が来るたびにHPが10回復する,2026/03/07,,,
item_325,はぐれメタルの心,心,,,,,,敵から受けるダメージがたまに1になる,2026/03/07,,,
item_326,メタルキングの心,心,,,,,,装備しているとメタル系のモンスターに遭遇しやすくなる,2026/03/07,,,
item_327,サボテンボールの心,心,,,,,,物理攻撃で受けたダメージの100%をはね返す,2026/03/07,,,
item_328,リップスの心,心,,,,,,戦闘開始時魅力がかなり上がる,2026/03/07,,,
item_329,どろにんぎょうの心,心,,MP吸収率+10%,,,,10%,2026/03/07,,,
item_330,ジャガーメイジの心,心,,,,,,呪文が暴走すると与えるダメージや回復量が50%増える,2026/03/07,,,
item_331,あらくれの心,心,,,,,,HPが半分以下の時やくそう所持で ターン開始時に自動で使用,2026/03/07,,,
item_332,さんぞくの心,心,,,,,,HPが半分以下の時上やくそう所持でターン開始時に自動で使用,2026/03/07,,,
item_333,ライオンヘッドの心,心,,,,,,フィールドやダンジョンでモンスターが逃げやすくなる,2026/03/07,,,
item_334,キラーストーカーの心,心,,,,,,モンスターの背後からフィールドアタックすると先制しやすくなる,2026/03/07,,,
item_335,おどるほうせきの心,心,,,,,,戦いで敵にねらわれやすくなる,2026/03/07,,,
item_336,シャドーサタンの心,心,,,,,,最大HPが半分になり敵に与えるダメージが20%増える,2026/03/07,,,
item_337,ポンコツ兵の心,心,,,,,,自分のターンが来るたびにランダムな能力がかなり上がるか下がる,2026/03/07,,,
item_338,マージインプの心,心,,,,,,MPが半分以下の時まほうのせいすい所持でターン開始時に自動で使用,2026/03/07,,,
item_339,がいこつけんしの心,心,,,,,,攻撃が連続ヒットするほど威力が上がる,2026/03/07,,,
item_340,ネクロバルサの心,心,,,,,,敵が状態異常の時与えるダメージが 30%増える,2026/03/07,,,
item_341,ダンビラムーチョの心,心,,,,,,HPが25%以下の時 物理攻撃の威力が50%増える,2026/03/07,,,
item_342,ギガントドラゴンの心,心,,,,,,最大MPが半分になり 最大HPが30%増える,2026/03/07,,,
item_343,ジェリーマンの心,心,,,,,,敵に悪い効果を与えやすくなる,2026/03/07,,,
item_344,サイクロプスの心,心,,,,,,会心の一撃の威力が30%増える,2026/03/07,,,
item_345,ドラゴンの心,心,,,,,,HPがまんたんの時 受けるダメージが半分になる,2026/03/07,,,
item_346,いどまじんの心,心,,,,,,HPが25%以下の時 受けるダメージを50%減らす,2026/03/07,,,
item_347,だいまどうの心,心,,,,,,呪文や特技のMP消費が2倍になる,2026/03/07,,,
item_348,ヘルジュラシックの心,心,,,,,,必ず最初に行動できるようになる,2026/03/07,,,
item_349,ベホマスライムの心,心,,,,,,回復系呪文の回復量が50%増える,2026/03/07,,,
item_350,キラーパンサーの心,心,,,,,,HPがまんたんの時 物理攻撃の威力が30%増える,2026/03/07,,,
item_351,どうくつまじんの心,心,,,,,,3ターンに1度すべての攻撃を受けつけなくなる,2026/03/07,,,
item_352,かみさまの心,心,,,,,,戦闘開始時バーストチャージ状態になる,2026/03/07,,,
item_353,竜王の心,心,,,,,,「ドラゴン呼び」でたまに竜王を呼びよせるようになる,2026/03/07,,,
item_354,シドーの心,心,,,,,,HPが25％以下の時ターン開始時にベホマが発動する,2026/03/07,,,
item_355,ゾーマの心,心,,,,,,戦闘開始時に闇の衣をまといダメージを300軽減する,2026/03/07,,,
item_356,タイムマスターの心,心,,,,,,良い効果の継続ターンを1ターン増やす(職業とくせい効果は増えない),2026/03/07,,,
item_357,ナイトリッチの心,心,,,,,,装備者が蘇生された時攻撃力と呪文の威力がかなり上がる,2026/03/07,,,
item_358,トロルの心,心,,,,,,最大MPが0になるがちからが2倍になる,2026/03/07,,,
item_359,神竜の心,心,,,,,,5ターン経過するとすべての能力が超アップ！,2026/03/07,,,