job_id,skill_id,skill_name,learn_condition,notes,last_verified
job_001,,-,熟練度★1,,2026-02-04
job_001,,ホイミ,熟練度★2,,2026-02-04
job_001,,スカラ,熟練度★3,,2026-02-04
job_001,,すいりゅう斬り,熟練度★4,,2026-02-04
job_001,,船上ダンス、キアリー,熟練度★5,,2026-02-04
job_001,,バイシオン,熟練度★6,,2026-02-04
job_001,,コーラルレイン,熟練度★7,,2026-02-04
job_001,,ノアのはこぶね,熟練度★8,,2026-02-04
job_002,,-,熟練度★1,,2026-02-04
job_002,,かえん斬り,熟練度★2,,2026-02-04
job_002,,気合いため,熟練度★3,,2026-02-04
job_002,,ふとうふくつ,熟練度★4,,2026-02-04
job_002,,いなずま斬り,熟練度★5,,2026-02-04
job_002,,かぶと割り,熟練度★6,,2026-02-04
job_002,,さみだれ斬り,熟練度★7,,2026-02-04
job_002,,渾身斬り,熟練度★8,,2026-02-04
job_003,,-,熟練度★1,,2026-02-04
job_003,,メラ,熟練度★2,,2026-02-04
job_003,,マヌーサ,熟練度★3,,2026-02-04
job_003,,ヒャド,熟練度★4,,2026-02-04
job_003,,ギラ,熟練度★5,,2026-02-04
job_003,,イオ,熟練度★6,,2026-02-04
job_003,,ホイミ、メダパニ,熟練度★7,,2026-02-04
job_003,,メラストーム,熟練度★8,,2026-02-04
job_004,,-,熟練度★1,,2026-02-04
job_004,,-,熟練度★2,,2026-02-04
job_004,,-,熟練度★3,,2026-02-04
job_004,,ほえろ,熟練度★4,,2026-02-04
job_004,,かみつけ,熟練度★5,,2026-02-04
job_004,,ひきさけ,熟練度★6,,2026-02-04
job_004,,ねる,熟練度★7,,2026-02-04
job_004,,とおぼえ,熟練度★8,,2026-02-04
job_005,,みわくのおどり・タップダンス,熟練度★1,,2026-02-04
job_005,,ポワゾンキッス,熟練度★2,,2026-02-04
job_005,,バックダンス,熟練度★3,,2026-02-04
job_005,,たたかいのまい・やすらぎの歌,熟練度★4,,2026-02-04
job_005,,マッスルダンス・ローズタイフーン,熟練度★5,,2026-02-04
job_005,,ＭＰパサー,熟練度★6,,2026-02-04
job_005,,メダパニダンス,熟練度★7,,2026-02-04
job_005,,死のおどり・メガザルダンス,熟練度★8,,2026-02-04
job_006,,気合いため・ステテコダンス,熟練度★1,,2026-02-04
job_006,,シールドアタック・ニフラム,熟練度★2,,2026-02-04
job_006,,やいばくだき,熟練度★3,,2026-02-04
job_006,,メタル斬り,熟練度★4,,2026-02-04
job_006,,さみだれ斬り,熟練度★5,,2026-02-04
job_006,,ゾンビ斬り,熟練度★6,,2026-02-04
job_006,,ドラゴン斬り,熟練度★7,,2026-02-04
job_006,,天下無双・ガードカウンター,熟練度★8,,2026-02-04
job_007,,気合いため,熟練度★1,,2026-02-04
job_007,,シールドアタック,熟練度★2,,2026-02-04
job_007,,やいばくだき,熟練度★3,,2026-02-04
job_007,,メタル斬り,熟練度★4,,2026-02-04
job_007,,さみだれ斬り,熟練度★5,,2026-02-04
job_007,,ゾンビ斬り,熟練度★6,,2026-02-04
job_007,,ドラゴン斬り,熟練度★7,,2026-02-04
job_007,,天下無双・ガードカウンター,熟練度★8,,2026-02-04
job_008,,とうこん討ち,熟練度★1,,2026-02-04
job_008,,足ばらい,熟練度★2,,2026-02-04
job_008,,ふとうふくつ,熟練度★3,,2026-02-04
job_008,,とびひざげり,熟練度★4,,2026-02-04
job_008,,うけながしのかまえ,熟練度★5,,2026-02-04
job_008,,まわしげり,熟練度★6,,2026-02-04
job_008,,せいしんとういつ,熟練度★7,,2026-02-04
job_008,,せいけん突き,熟練度★8,,2026-02-04
job_009,,メラ・ラリホー,熟練度★1,,2026-02-04
job_009,,マヌーサ・イオ,熟練度★2,,2026-02-04
job_009,,メラミ・ルカニ,熟練度★3,,2026-02-04
job_009,,ベギラマ・ルカナン,熟練度★4,,2026-02-04
job_009,,マホトラ・ヘナトス,熟練度★5,,2026-02-04
job_009,,イオラ,熟練度★6,,2026-02-04
job_009,,魔力かくせい,熟練度★7,,2026-02-04
job_009,,メラゾーマ,熟練度★8,,2026-02-04
job_010,,ホイミ・キアリー,熟練度★1,,2026-02-04
job_010,,バギ・スカラ,熟練度★2,,2026-02-04
job_010,,ベホイミ・マホトーン,熟練度★3,,2026-02-04
job_010,,ヒャダルコ,熟練度★4,,2026-02-04
job_010,,バギマ,熟練度★5,,2026-02-04
job_010,,ベホマラー・おはらい,熟練度★6,,2026-02-04
job_010,,ザオラル・ザキ,熟練度★7,,2026-02-04
job_010,,天使の守り,熟練度★8,,2026-02-04
job_011,,みわくのおどり・タップダンス,熟練度★1,,2026-02-04
job_011,,ポワゾンキッス,熟練度★2,,2026-02-04
job_011,,バックダンス,熟練度★3,,2026-02-04
job_011,,たたかいのまい,熟練度★4,,2026-02-04
job_011,,ＭＰパサー,熟練度★5,,2026-02-04
job_011,,マッスルダンス,熟練度★6,,2026-02-04
job_011,,メダパニダンス,熟練度★7,,2026-02-04
job_011,,ローズタイフーン,熟練度★8,,2026-02-04
job_012,,ポイズンダガー・ぬすっと斬り,熟練度★1,,2026-02-04
job_012,,シバリア,熟練度★2,,2026-02-04
job_012,,タナトスハント,熟練度★3,,2026-02-04
job_012,,シバリカ,熟練度★4,,2026-02-04
job_012,,バタフライダガー,熟練度★5,,2026-02-04
job_012,,ヒュプノスハント,熟練度★6,,2026-02-04
job_012,,シバリーナ,熟練度★7,,2026-02-04
job_012,,アサシンアタック,熟練度★8,,2026-02-04
job_013,,ピオラ,熟練度★1,,2026-02-04
job_013,,やすらぎの歌・風の旋律,熟練度★2,,2026-02-04
job_013,,シャインスコール・光の旋律,熟練度★3,,2026-02-04
job_013,,覚醒のアリア,熟練度★4,,2026-02-04
job_013,,炎の旋律・氷の旋律,熟練度★5,,2026-02-04
job_013,,ディバインスペル,熟練度★6,,2026-02-04
job_013,,ピオリム,熟練度★7,,2026-02-04
job_013,,天使の歌声,熟練度★8,,2026-02-04
job_014,,すいめんげり,熟練度★1,,2026-02-04
job_014,,キアリク,熟練度★2,,2026-02-04
job_014,,たいあたり,熟練度★3,,2026-02-04
job_014,,コーラルレイン,熟練度★4,,2026-02-04
job_014,,かぶと割り,熟練度★5,,2026-02-04
job_014,,じひびき,熟練度★6,,2026-02-04
job_014,,メガンテ,熟練度★7,,2026-02-04
job_014,,いなずま斬り,熟練度★8,,2026-02-04
job_015,,ひつじのダンス・ホイミ,熟練度★1,,2026-02-04
job_015,,マトンアタック・リホイミ,熟練度★2,,2026-02-04
job_015,,ウールガード,熟練度★3,,2026-02-04
job_015,,リベホイミ・キアラル,熟練度★4,,2026-02-04
job_015,,ねる,熟練度★5,,2026-02-04
job_015,,ひつじかぞえ歌,熟練度★6,,2026-02-04
job_015,,リベオイム,熟練度★7,,2026-02-04
job_015,,どとうのひつじ,熟練度★8,,2026-02-04
job_016,,ヒップアタック・ボケ,熟練度★1,,2026-02-04
job_016,,ツッコミ,熟練度★2,,2026-02-04
job_016,,ボミエ,熟練度★3,,2026-02-04
job_016,,いっぱつギャグ,熟練度★4,,2026-02-04
job_016,,でしゃばる・ボミオス,熟練度★5,,2026-02-04
job_016,,ノリツッコミ,熟練度★6,,2026-02-04
job_016,,くすぐりの刑,熟練度★7,,2026-02-04
job_016,,へんてこ斬り,熟練度★8,,2026-02-04
job_017,,無心こうげき,熟練度★1,,2026-02-04
job_017,,しっぷう斬り,熟練度★2,,2026-02-04
job_017,,渾身斬り,熟練度★3,,2026-02-04
job_017,,はやぶさ斬り,熟練度★4,,2026-02-04
job_017,,もろば斬り,熟練度★5,,2026-02-04
job_017,,岩石おとし,熟練度★6,,2026-02-04
job_017,,背水けん,熟練度★7,,2026-02-04
job_017,,全身全霊斬り,熟練度★8,,2026-02-04
job_018,,かえん斬り・しんくう斬り,熟練度★1,,2026-02-04
job_018,,ベギラゴン・バイキルト,熟練度★2,,2026-02-04
job_018,,ミラクルソード・マジックバリア,熟練度★3,,2026-02-04
job_018,,フォースブレイク,熟練度★4,,2026-02-04
job_018,,マヒャド・マホカンタ,熟練度★5,,2026-02-04
job_018,,灼熱斬,熟練度★6,,2026-02-04
job_018,,ギラグレイド,熟練度★7,,2026-02-04
job_018,,氷結らんげき,熟練度★8,,2026-02-04
job_019,,キアリー・フバーハ・ベホイミ,熟練度★1,,2026-02-04
job_019,,バギグロス,熟練度★2,,2026-02-04
job_019,,ベホイム・スクルト,熟練度★3,,2026-02-04
job_019,,ザオリク・ザラキ,熟練度★4,,2026-02-04
job_019,,イオナズン,熟練度★5,,2026-02-04
job_019,,ベホマ・しんぴのさとり,熟練度★6,,2026-02-04
job_019,,バギムーチョ,熟練度★7,,2026-02-04
job_019,,マダンテ,熟練度★8,,2026-02-04
job_020,,名乗り,熟練度★1,,2026-02-04
job_020,,ムーンサルト,熟練度★2,,2026-02-04
job_020,,バトンタッチ・キラキタポーン,熟練度★3,,2026-02-04
job_020,,バイキルト,熟練度★4,,2026-02-04
job_020,,ハッスルダンス,熟練度★5,,2026-02-04
job_020,,キラージャグリング,熟練度★6,,2026-02-04
job_020,,ゴールドシャワー,熟練度★7,,2026-02-04
job_020,,ミラクルムーン,熟練度★8,,2026-02-04
job_021,,スライム呼び・まものならし,熟練度★1,,2026-02-04
job_021,,ドルマ・マヌーサ,熟練度★2,,2026-02-04
job_021,,ゾンビ斬り,熟練度★3,,2026-02-04
job_021,,ドルクマ,熟練度★4,,2026-02-04
job_021,,凶暴のきり,熟練度★5,,2026-02-04
job_021,,ケモノ呼び,熟練度★6,,2026-02-04
job_021,,ドルモーア,熟練度★7,,2026-02-04
job_021,,ドラゴン呼び,熟練度★8,,2026-02-04
job_022,,パワフルスロー,熟練度★1,,2026-02-04
job_022,,まじん斬り,熟練度★2,,2026-02-04
job_022,,ぶんまわし,熟練度★3,,2026-02-04
job_022,,鉄甲斬,熟練度★4,,2026-02-04
job_022,,メイルストロム,熟練度★5,,2026-02-04
job_022,,オノむそう,熟練度★6,,2026-02-04
job_022,,砲弾なげ,熟練度★7,,2026-02-04
job_022,,蒼天魔斬,熟練度★8,,2026-02-04
job_023,,スクルト・かまいたち,熟練度★1,,2026-02-04
job_023,,ベホイミ・キアリー,熟練度★2,,2026-02-04
job_023,,におう立ち,熟練度★3,,2026-02-04
job_023,,ビックシールド・ミラクルシールド,熟練度★4,,2026-02-04
job_023,,しんくうは,熟練度★5,,2026-02-04
job_023,,ベホマラー・ザオラル,熟練度★6,,2026-02-04
job_023,,大ぼうぎょ・メガザル,熟練度★7,,2026-02-04
job_023,,グランドクロス,熟練度★8,,2026-02-04
job_024,,ゴッドスマッシュ,熟練度★1,,2026-02-04
job_024,,きょうふう,熟練度★2,,2026-02-04
job_024,,閃光斬,熟練度★3,,2026-02-04
job_024,,ばくれつけん,熟練度★4,,2026-02-04
job_024,,天地のかまえ,熟練度★5,,2026-02-04
job_024,,心眼一閃,熟練度★6,,2026-02-04
job_024,,ビックバン,熟練度★7,,2026-02-04
job_024,,アルテマソード,熟練度★8,,2026-02-04
job_025,,ひばしら,熟練度★1,,2026-02-04
job_025,,マグマ,熟練度★2,,2026-02-04
job_025,,ジゴスパーク,熟練度★3,,2026-02-04
job_025,,メラガイアー・魔力の息吹,熟練度★4,,2026-02-04
job_025,,マヒャデドス,熟練度★5,,2026-02-04
job_025,,ベホマズン,熟練度★6,,2026-02-04
job_025,,イオグランデ,熟練度★7,,2026-02-04
job_025,,メドローア,熟練度★8,,2026-02-04
job_026,,アストロン・スクルト,熟練度★1,,2026-02-04
job_026,,ライデイン・ニフラム,熟練度★2,,2026-02-04
job_026,,ギガスラッシュ,熟練度★3,,2026-02-04
job_026,,ベホマラー,熟練度★4,,2026-02-04
job_026,,つるぎのまい・ザオリク,熟練度★5,,2026-02-04
job_026,,ギガデイン,熟練度★6,,2026-02-04
job_026,,いてつくはどう,熟練度★7,,2026-02-04
job_026,,ギガブレイク,熟練度★8,,2026-02-04