qa_id,question,answer,keywords,notes,last_verified,sort
qa_001,キーファに「たね」を使っても大丈夫？,大丈夫です。 今作ではキーファ離脱時に、投与した「たね・きのみ」の効果がすべてアイテムとして返却されます。キーファは離脱まで非常に強力なので、序盤から種で強化してOKです。,キーファ,,2026/02/06,1
qa_002,ウッドパルナ編の「木の人形」はどうすればいい？,"結末と報酬が変化します。

パトリックに渡す：トゥルーエンドの流れ。過去を去る際にパトリックから人形を返却されます（受け取らないと**「まもりのたね」**入手）。

渡さない：マチルダを追い詰める悲劇的な展開になり、現代の歴史も改ざんされた内容に固定されます
",木の人形,,2026/02/06,2
qa_003,序盤でしか手に入らない要素はある？,"あります。

小魚のつけもの：マリベル加入直後〜グランエスタードに行くまでの短い間のみ入手可能。

マリベルのいたずらイベント：ウッドパルナ帰還後、キーファ合流前に彼女の家へ行くと発生する期間限定イベント。",序盤,,2026/02/06,3
qa_004,シナリオがカットされたって本当？,"本当です。一部が削除、またはサブストーリー化されています。

完全削除：クレージュ、リートルード、プロビナ

サブストーリー化：ダイアラック、グリンフレーク、ルーメン、レブレサック
（後者はメインストーリーから外れ、任意のタイミングで遊べる形式です）",ストーリーカット,,2026/02/06,4
qa_005,"職業システムで注意すべき「落とし穴」は？","最上位職「勇者」の条件が変更されています。今作も3職極めて勇者になれますが、その3つにゴッドハンド／天地雷鳴士を含められません。 勇者を目指す場合は、魔法戦士や賢者など他の上級職を経由してください。
また、モンスター職は撤廃され、「心」は装備品（アクセサリー）扱いに変更されています。",職業,,2026/02/06,5
qa_006,"ちいさなメダル集めで詰まることはある？",今作は大幅に緩和されています。「メダル帳」により、メダルがあるフロアに近づくとリストに表示されるため探索が楽です。ただし、クリア後要素の解放には大量のメダルが必要なので、序盤から意識して集めておくのがおすすめです。,ちいさなメダル,,2026/02/06,6